Date,DVP,MWM,OTG,AXA,BNW,CAV,CIN,CNC,DSM,EBS,EST,I75,IKV,OOA,OTM,OXV,PEA,PRO,SLB
2025-01-01 12:00:00,88.09784,88.09784,86.51826,83.098625,77.183784,78.66476,77.183784,73.70244,74.68952,78.37381,84.85108,73.70244,74.68952,73.70244,73.70244,73.43334,73.43334,75.95748,78.66476
2025-01-02 12:00:00,89.13864,89.13864,87.13762,82.016785,73.94358,75.96869,73.94358,70.6193,71.31796,75.20411,84.61304,70.6193,71.31796,70.6193,70.6193,69.9994,69.9994,72.64984,75.96869
2025-01-03 12:00:00,88.308876,88.308876,86.74692,81.6903,73.98624,75.70416,73.98624,71.76656,71.738396,75.052986,84.254585,71.76656,71.738396,71.76656,71.76656,70.60367,70.60367,72.88313,75.70416
2025-01-04 12:00:00,93.04368,93.04368,91.88079,88.21929,84.2347,83.46939,84.2347,84.89905,84.60553,83.9488,90.09554,84.89905,84.60553,84.89905,84.89905,84.74062,84.74062,84.45657,83.46939
2025-01-05 12:00:00,92.14309,92.14309,92.41503,93.03164,91.1723,92.29568,91.1723,84.222565,87.588104,92.903015,92.787704,84.222565,87.588104,84.222565,84.222565,85.79298,85.79298,89.402504,92.29568
2025-01-06 12:00:00,89.810684,89.810684,89.93681,90.635796,88.49773,90.00956,88.49773,80.380325,84.428734,90.479454,90.349365,80.380325,84.428734,80.380325,80.380325,82.39886,82.39886,86.482376,90.00956
2025-01-07 12:00:00,94.42423,94.42423,94.25695,93.91077,90.64263,92.236984,90.64263,82.89378,86.73849,92.53732,94.145226,82.89378,86.73849,82.89378,82.89378,84.787674,84.787674,88.71132,92.236984
2025-01-08 12:00:00,91.736046,91.736046,91.70032,92.14574,91.64784,91.251015,91.64784,87.878685,90.09731,92.336365,91.98601,87.878685,90.09731,87.878685,87.878685,89.29231,89.29231,90.903885,91.251015
2025-01-09 12:00:00,89.69447,89.69447,89.71364,90.499016,89.114204,89.950836,89.114204,82.45876,85.88709,90.66385,90.169334,82.45876,85.88709,82.45876,82.45876,84.266846,84.266846,87.523636,89.950836
2025-01-10 12:00:00,84.76831,84.76831,84.7259,85.93486,84.20917,85.855446,84.20917,75.91562,79.88872,86.32413,85.391754,75.91562,79.88872,75.91562,75.91562,77.73857,77.73857,82.06514,85.855446
2025-01-11 12:00:00,84.10047,84.10047,84.22491,85.72704,85.53776,85.929794,85.53776,79.53559,82.75049,86.866394,85.03812,79.53559,82.75049,79.53559,79.53559,81.3465,81.3465,84.16736,85.929794
2025-01-12 12:00:00,86.594086,86.594086,85.99429,85.629105,82.59417,84.0505,82.59417,75.27309,79.04419,84.31668,85.86663,75.27309,79.04419,75.27309,75.27309,77.2703,77.2703,80.837814,84.0505
2025-01-13 12:00:00,87.29356,87.29356,87.11995,88.34654,87.49192,88.24854,87.49192,80.60377,84.27153,89.04029,87.795616,80.60377,84.27153,80.60377,80.60377,82.65563,82.65563,85.90363,88.24854
2025-01-14 12:00:00,93.34313,93.34313,93.54843,94.55076,92.80748,94.15031,92.80748,84.78715,88.775215,94.765526,94.11489,84.78715,88.775215,84.78715,84.78715,86.76105,86.76105,90.81177,94.15031
2025-01-15 12:00:00,90.86552,90.86552,90.30739,89.32018,87.53228,87.09751,87.53228,86.32321,86.56819,87.92632,89.86784,86.32321,86.56819,86.32321,86.32321,86.051834,86.051834,87.0814,87.09751
2025-01-16 12:00:00,91.81201,91.81201,90.78712,87.26623,80.69,82.65752,80.69,75.5788,77.49051,82.23616,89.069405,75.5788,77.49051,75.5788,75.5788,75.888794,75.888794,79.10892,82.65752
2025-01-17 12:00:00,89.18735,89.18735,89.1779,90.161514,87.090965,89.81087,87.090965,77.02125,81.38539,89.91271,89.73099,77.02125,81.38539,77.02125,77.02125,78.559265,78.559265,84.24853,89.81087
2025-01-18 12:00:00,94.05011,94.05011,93.905975,93.98008,90.66652,92.70998,90.66652,82.90447,86.06332,92.92051,94.002815,82.90447,86.06332,82.90447,82.90447,83.77263,83.77263,88.38108,92.70998
2025-01-19 12:00:00,91.20037,91.20037,91.18742,92.11368,90.91181,91.68589,90.91181,85.27927,87.72044,92.443596,91.71197,85.27927,87.72044,85.27927,85.27927,86.11788,86.11788,89.33806,91.68589
2025-01-20 12:00:00,89.9079,89.9079,89.506775,88.59658,83.74272,86.47122,83.74272,75.7558,78.69862,86.23092,89.10326,75.7558,78.69862,75.7558,75.7558,76.19696,76.19696,81.23172,86.47122
2025-01-21 12:00:00,88.94639,88.94639,89.09543,90.65894,89.93319,90.866394,89.93319,83.75038,86.37397,91.65539,89.93923,83.75038,86.37397,83.75038,83.75038,84.59311,84.59311,88.1729,90.866394
2025-01-22 12:00:00,92.14677,92.14677,92.10137,93.02509,90.835144,92.5935,90.835144,83.140205,86.37732,93.01669,92.62367,83.140205,86.37732,83.140205,83.140205,84.158195,84.158195,88.62177,92.5935
2025-01-23 12:00:00,92.31076,92.31076,91.86443,90.84689,87.76934,88.60095,87.76934,82.74835,85.20141,88.98811,91.40643,82.74835,85.20141,82.74835,82.74835,83.90549,83.90549,86.50723,88.60095
2025-01-24 12:00:00,89.79988,89.79988,89.28135,89.19177,87.68043,87.858406,87.68043,84.073875,85.7012,88.59894,89.28945,84.073875,85.7012,84.073875,84.073875,84.692726,84.692726,86.71467,87.858406
2025-01-25 12:00:00,89.6145,89.6145,89.461426,89.425186,87.048615,88.14488,87.048615,81.56296,83.86815,88.58296,89.49593,81.56296,83.86815,81.56296,81.56296,82.27456,82.27456,85.47661,88.14488
2025-01-26 12:00:00,85.26706,85.26706,84.39976,83.88402,83.184586,82.22994,83.184586,82.47493,82.941864,83.22146,84.18867,82.47493,82.941864,82.47493,82.47493,82.7833,82.7833,83.09167,82.22994
2025-01-27 12:00:00,87.709885,87.709885,86.51118,83.17332,77.03417,78.848694,77.03417,72.26768,74.144,78.432106,84.87619,72.26768,74.144,72.26768,72.26768,72.69747,72.69747,75.60412,78.848694
2025-01-28 12:00:00,89.84641,89.84641,88.3845,84.49135,77.5166,79.627266,77.5166,72.305374,74.40901,79.025986,86.46948,72.305374,74.40901,72.305374,72.305374,72.85648,72.85648,75.97671,79.627266
2025-01-29 12:00:00,90.2992,90.2992,89.70322,88.29129,84.34599,85.743774,84.34599,78.955956,81.29673,85.81944,89.0407,78.955956,81.29673,78.955956,78.955956,79.76983,79.76983,82.83737,85.743774
2025-01-30 12:00:00,84.18318,84.18318,83.2218,82.51813,82.441734,80.730286,82.441734,84.9518,83.32206,81.90932,82.91252,84.9518,83.32206,84.9518,84.9518,83.713974,83.713974,82.91253,80.730286
2025-01-31 12:00:00,85.53072,85.53072,83.991974,82.01351,82.626,79.02768,82.626,89.107796,86.39323,80.61901,83.03876,89.107796,86.39323,89.107796,89.107796,88.19468,88.19468,84.5512,79.02768
2025-02-01 12:00:00,91.7213,91.7213,91.11173,88.73912,84.720085,85.29671,84.720085,82.4795,83.08503,85.47331,89.962524,82.4795,83.08503,82.4795,82.4795,82.24941,82.24941,83.92279,85.29671
2025-02-02 12:00:00,92.129616,92.129616,91.351036,89.67182,87.764656,86.88516,87.764656,87.37643,87.79493,87.66512,90.55127,87.37643,87.79493,87.37643,87.37643,87.77153,87.77153,87.80695,86.88516
2025-02-03 12:00:00,83.29411,83.29411,83.097565,83.35922,82.09294,82.50926,82.09294,77.59448,79.94602,83.11246,83.2729,77.59448,79.94602,77.59448,77.59448,78.86264,78.86264,81.03581,82.50926
2025-02-04 12:00:00,95.096634,95.096634,94.87902,94.85953,90.95187,93.60076,90.95187,81.240326,85.80578,93.49647,94.91769,81.240326,85.80578,81.240326,81.240326,83.25442,83.25442,88.385605,93.60076
2025-02-05 12:00:00,89.55775,89.55775,89.4586,89.75846,87.80243,88.87932,87.80243,81.51642,84.70616,89.30391,89.65503,81.51642,84.70616,81.51642,81.51642,83.15764,83.15764,86.26751,88.87932
2025-02-06 12:00:00,83.1474,83.1474,83.39316,84.65857,83.888084,84.77153,83.888084,77.30798,80.84166,85.36881,84.07362,77.30798,80.84166,77.30798,77.30798,79.3195,79.3195,82.376625,84.77153
2025-02-07 12:00:00,86.26026,86.26026,85.77122,84.971146,82.30473,83.12932,82.30473,77.421715,80.013306,83.40247,85.40863,77.421715,80.013306,77.421715,77.421715,78.861115,78.861115,81.17265,83.12932
2025-02-08 12:00:00,87.138054,87.138054,86.21663,84.2963,81.750755,81.41047,81.750755,80.64803,81.36415,81.87759,85.28745,80.64803,81.36415,80.64803,80.64803,81.14358,81.14358,81.57754,81.41047
2025-02-09 12:00:00,88.21821,88.21821,86.98494,83.94802,79.98641,80.01832,79.98641,79.54961,79.49959,80.16726,85.491035,79.54961,79.49959,79.54961,79.54961,79.23134,79.23134,79.76164,80.01832
2025-02-10 12:00:00,79.9211,79.9211,79.03501,78.49428,75.7457,77.01041,75.7457,70.21412,72.96602,77.101746,78.79804,70.21412,72.96602,70.21412,70.21412,71.578995,71.578995,74.36439,77.01041
2025-02-11 12:00:00,86.01487,86.01487,85.02367,82.09876,76.76596,78.32096,76.76596,71.85015,74.33173,77.945984,83.58369,71.85015,74.33173,71.85015,71.85015,73.11364,73.11364,75.55839,78.32096
2025-02-12 12:00:00,83.178986,83.178986,82.5774,80.37146,75.72653,77.307625,75.72653,70.94279,73.07568,77.01908,81.49888,70.94279,73.07568,70.94279,70.94279,71.75243,71.75243,74.4091,77.307625
2025-02-13 12:00:00,85.52925,85.52925,84.138985,79.94278,72.221306,75.00991,72.221306,66.567406,68.66114,73.98163,82.05421,66.567406,68.66114,66.567406,66.567406,66.89463,66.89463,70.444664,75.00991
2025-02-14 12:00:00,80.381836,80.381836,78.92499,75.24555,70.279434,70.86996,70.279434,69.61903,69.50706,70.620186,77.098335,69.61903,69.50706,69.61903,69.61903,69.105545,69.105545,69.90575,70.86996
2025-02-15 12:00:00,87.47743,87.47743,85.8742,80.51289,72.605804,74.49466,72.605804,69.51686,70.61651,73.56669,83.19922,69.51686,70.61651,69.51686,69.51686,69.6192,69.6192,71.61934,74.49466
2025-02-16 12:00:00,85.78579,85.78579,85.03567,82.93179,78.937416,79.98252,78.937416,75.133606,76.993225,79.871895,84.00652,75.133606,76.993225,75.133606,75.133606,76.016396,76.016396,77.97446,79.98252
2025-02-17 12:00:00,83.874115,83.874115,82.75987,79.934425,76.4341,76.34915,76.4341,75.89117,76.25683,76.47078,81.3641,75.89117,76.25683,75.89117,75.89117,76.14637,76.14637,76.359665,76.34915
2025-02-18 12:00:00,82.987,82.987,82.240486,79.64368,75.909966,76.29076,75.909966,73.3444,75.07892,76.28167,80.95933,73.3444,75.07892,73.3444,73.3444,74.649086,74.649086,75.505745,76.29076
2025-02-19 12:00:00,95.25885,95.25885,94.415504,92.04074,86.086075,88.773224,86.086075,78.41106,82.02422,88.09893,93.25053,78.41106,82.02422,78.41106,78.41106,80.00941,80.00941,84.05684,88.773224
2025-02-20 12:00:00,88.25664,88.25664,87.49723,84.86828,80.71437,81.45365,80.71437,78.16452,79.39608,81.333916,86.2002,78.16452,79.39608,78.16452,78.16452,78.727295,78.727295,80.06467,81.45365
2025-02-21 12:00:00,83.60431,83.60431,82.25763,78.84856,73.19943,74.77508,73.19943,69.275894,71.14308,74.201096,80.56323,69.275894,71.14308,69.275894,69.275894,70.11519,70.11519,72.17649,74.77508
2025-02-22 12:00:00,79.28729,79.28729,79.13874,77.5273,74.41841,75.18094,74.41841,71.58796,72.89355,75.14977,78.35187,71.58796,72.89355,71.58796,71.58796,72.126236,72.126236,73.66268,75.18094
2025-02-23 12:00:00,77.49324,77.49324,76.59431,74.05593,70.57251,70.882545,70.57251,70.8815,69.997246,70.82378,75.33687,70.8815,69.997246,70.8815,70.8815,69.69696,69.69696,70.2936,70.882545
2025-02-24 12:00:00,81.260925,81.260925,80.22724,76.04684,74.27052,71.31361,74.27052,81.27708,78.46903,72.09029,78.13952,81.27708,78.46903,81.27708,81.27708,80.5094,80.5094,76.39377,71.31361
2025-02-25 12:00:00,78.61305,78.61305,76.93937,74.52942,72.3668,71.49819,72.3668,73.7056,73.32459,71.83915,75.745674,73.7056,73.32459,73.7056,73.7056,73.77688,73.77688,72.85857,71.49819
2025-02-26 12:00:00,86.52024,86.52024,84.37382,77.374405,68.18741,69.99091,68.18741,67.07977,67.08612,68.71142,80.85937,67.07977,67.08612,67.07977,67.07977,66.529816,66.529816,67.64217,69.99091
2025-02-27 12:00:00,80.16326,80.16326,78.22907,75.04692,71.873764,71.30719,71.873764,73.47789,72.71642,71.4078,76.64367,73.47789,72.71642,73.47789,73.47789,73.113686,73.113686,72.30652,71.30719
2025-02-28 12:00:00,84.06536,84.06536,82.45366,76.993385,71.293236,71.09594,71.293236,73.74346,72.36641,70.71165,79.71591,73.74346,72.36641,73.74346,73.74346,72.877625,72.877625,71.84139,71.09594
2025-03-01 12:00:00,78.83011,78.83011,76.508385,72.33449,68.79165,67.71019,68.79165,72.144264,70.69089,67.79248,74.419174,72.144264,70.69089,72.144264,72.144264,71.60887,71.60887,69.75455,67.71019
2025-03-02 12:00:00,77.3225,77.3225,74.20198,68.70861,63.414635,62.88435,63.414635,67.69804,65.06697,62.544933,71.44354,67.69804,65.06697,67.69804,67.69804,65.86554,65.86554,64.252304,62.88435
2025-03-03 12:00:00,80.05575,80.05575,77.17343,71.657715,65.182,65.79813,65.182,66.03464,65.33037,65.077484,74.40391,66.03464,65.33037,66.03464,66.03464,65.390465,65.390465,65.26305,65.79813
2025-03-04 12:00:00,90.96246,90.96246,88.608864,82.01359,72.161194,75.05527,72.161194,67.79912,69.58011,73.442345,85.29546,67.79912,69.58011,67.79912,67.79912,68.29829,68.29829,70.86996,75.05527
2025-03-05 12:00:00,72.8666,72.8666,72.343,71.7212,70.76864,70.510475,70.76864,70.31022,70.57222,70.83932,72.04832,70.31022,70.57222,70.31022,70.31022,70.46281,70.46281,70.67607,70.510475
2025-03-06 12:00:00,81.36359,81.36359,78.08923,71.4662,63.051777,64.60108,63.051777,63.088154,62.384525,63.365917,74.75752,63.088154,62.384525,63.088154,63.088154,62.045483,62.045483,62.72148,64.60108
2025-03-07 12:00:00,95.19251,95.19251,93.12169,85.97776,75.56645,78.51253,75.56645,70.75912,73.11402,76.783775,89.52964,70.75912,73.11402,70.75912,70.75912,71.89547,71.89547,74.339325,78.51253
2025-03-08 12:00:00,93.644394,93.644394,91.83981,85.87203,78.539536,79.53438,78.539536,77.864525,78.29762,78.63395,88.8422,77.864525,78.29762,77.864525,77.864525,78.165924,78.165924,78.4236,79.53438
2025-03-09 12:00:00,88.9413,88.9413,87.06691,81.53553,74.927986,75.66015,74.927986,75.04528,74.95621,74.88769,84.28842,75.04528,74.95621,75.04528,75.04528,74.95843,74.95843,74.94725,75.66015
2025-03-10 12:00:00,80.31735,80.31735,80.085495,77.92229,74.83657,75.27283,74.83657,73.07071,74.25962,75.10474,79.00995,73.07071,74.25962,73.07071,73.07071,73.96455,73.96455,74.55131,75.27283
2025-03-11 12:00:00,86.8231,86.8231,84.735405,79.214386,71.91609,73.39535,71.91609,69.71157,71.0258,72.345314,81.96048,69.71157,71.0258,69.71157,69.71157,70.57732,70.57732,71.47288,73.39535
2025-03-12 12:00:00,79.24723,79.24723,78.91952,77.01652,74.53337,74.6482,74.53337,73.41991,74.34686,74.60559,77.974464,73.41991,74.34686,73.41991,73.41991,74.24478,74.24478,74.443726,74.6482
2025-03-13 12:00:00,79.62356,79.62356,79.036705,76.29392,72.53848,73.15073,72.53848,70.66203,71.98717,72.79745,77.666046,70.66203,71.98717,70.66203,70.66203,71.70613,71.70613,72.26513,73.15073
2025-03-14 12:00:00,83.8602,83.8602,81.41,75.41965,68.102005,69.22463,68.102005,67.85566,67.91445,68.178604,78.39528,67.85566,67.91445,67.85566,67.85566,67.813446,67.813446,68.01098,69.22463
2025-03-15 12:00:00,82.65248,82.65248,81.62657,78.72241,73.883896,75.43719,73.883896,70.64262,72.17149,74.73336,80.17389,70.64262,72.17149,70.64262,70.64262,71.319,71.319,73.02673,75.43719
2025-03-16 12:00:00,84.684044,84.684044,83.96618,81.86581,78.01978,79.33421,78.01978,73.82423,76.36977,78.83741,82.92047,73.82423,76.36977,73.82423,73.82423,75.54771,75.54771,77.19394,79.33421
2025-03-17 12:00:00,86.53899,86.53899,84.7185,80.40636,74.587265,75.80515,74.587265,72.09671,73.7785,74.98,82.55286,72.09671,73.7785,72.09671,72.09671,73.371605,73.371605,74.18373,75.80515
2025-03-18 12:00:00,90.90055,90.90055,89.68055,85.45925,80.214325,80.92587,80.214325,79.122284,80.02854,80.29088,87.56149,79.122284,80.02854,79.122284,79.122284,79.92839,79.92839,80.12375,80.92587
2025-03-19 12:00:00,89.591866,89.591866,87.68532,82.82143,75.34954,77.709755,75.34954,71.36711,73.23672,76.40474,85.2402,71.36711,73.23672,71.36711,71.36711,72.18732,72.18732,74.29062,77.709755
2025-03-20 12:00:00,87.325935,87.325935,85.19276,78.653244,69.062294,71.99194,69.062294,65.05159,66.764366,70.21321,81.898674,65.05159,66.764366,65.05159,65.05159,65.62441,65.62441,67.9101,71.99194
2025-03-21 12:00:00,84.712234,84.712234,83.6055,77.133575,65.949646,70.556915,65.949646,58.959656,61.45526,68.214516,80.34507,58.959656,61.45526,58.959656,58.959656,59.23225,59.23225,63.69413,70.556915
2025-03-22 12:00:00,81.95886,81.95886,80.188324,74.47021,65.55889,68.63448,65.55889,62.06984,62.87411,66.90747,77.308556,62.06984,62.87411,62.06984,62.06984,61.543713,61.543713,64.212166,68.63448
2025-03-23 12:00:00,74.21911,74.21911,71.8428,66.71724,63.19843,61.49622,63.19843,70.97454,66.662575,61.43372,69.261246,70.97454,66.662575,70.97454,70.97454,68.366554,68.366554,64.9394,61.49622
2025-03-24 12:00:00,81.573425,81.573425,79.47455,74.70583,69.492714,69.79142,69.492714,71.17574,70.19332,69.127335,77.07467,71.17574,70.19332,71.17574,71.17574,70.53343,70.53343,69.845894,69.79142
2025-03-25 12:00:00,84.87463,84.87463,83.50808,77.89186,71.125275,72.16758,71.125275,70.76085,71.111534,71.12206,80.6798,70.76085,71.111534,70.76085,70.76085,71.09918,71.09918,71.11966,72.16758
2025-03-26 12:00:00,81.58872,81.58872,80.55578,76.981255,71.96452,73.2115,71.96452,68.59297,71.0722,72.40657,78.75989,68.59297,71.0722,68.59297,68.59297,70.62623,70.62623,71.517685,73.2115
2025-03-27 12:00:00,88.146736,88.146736,86.46525,80.698975,73.54748,74.8401,73.54748,71.44618,73.27137,73.67804,83.56117,71.44618,73.27137,71.44618,71.44618,73.12976,73.12976,73.40995,74.8401
2025-03-28 12:00:00,85.14476,85.14476,83.949165,79.254326,74.026985,74.43129,74.026985,73.26841,74.61037,73.72321,81.58659,73.26841,74.61037,73.26841,73.26841,74.89348,74.89348,74.32084,74.43129
2025-03-29 12:00:00,87.93199,87.93199,86.38363,81.49496,75.97343,76.48824,75.97343,75.91619,76.47817,75.70988,83.92319,75.91619,76.47817,75.91619,75.91619,76.7226,76.7226,76.2277,76.48824
2025-03-30 12:00:00,81.0921,81.0921,79.654625,75.38223,70.30352,70.998314,70.30352,70.56439,70.42044,70.23734,77.50481,70.56439,70.42044,70.56439,70.56439,70.473854,70.473854,70.36296,70.998314
2025-03-31 12:00:00,79.90151,79.90151,78.17535,73.43581,67.30871,68.62445,67.30871,66.65718,66.77433,67.5727,75.78894,66.65718,66.77433,66.65718,66.65718,66.50625,66.50625,67.041145,68.62445
2025-04-01 12:00:00,79.70945,79.70945,77.660164,72.30001,65.916435,66.910484,65.916435,67.1906,66.01447,65.86122,74.95978,67.1906,66.01447,67.1906,67.1906,66.05922,66.05922,65.966194,66.910484
2025-04-02 12:00:00,82.37239,82.37239,80.82914,73.83279,69.66054,66.88551,69.66054,79.44802,75.233116,66.837906,77.30181,79.44802,75.233116,79.44802,79.44802,77.98464,77.98464,72.45766,66.88551
2025-04-03 12:00:00,87.33381,87.33381,85.9256,81.112595,75.836006,76.22864,75.836006,76.22637,76.55432,75.467415,83.502785,76.22637,76.55432,76.22637,76.22637,76.9057,76.9057,76.196976,76.22864
2025-04-04 12:00:00,82.16766,82.16766,82.16767,80.47622,77.09337,78.58259,77.09337,73.27671,75.41725,77.93525,81.32233,73.27671,75.41725,73.27671,73.27671,74.584496,74.584496,76.25277,78.58259
2025-04-05 12:00:00,87.5712,87.5712,85.57338,80.96789,74.01813,76.29993,74.01813,69.945206,72.211334,74.926506,83.25529,69.945206,72.211334,69.945206,69.945206,71.314095,71.314095,73.11194,76.29993
2025-04-06 12:00:00,81.15046,81.15046,80.58021,77.84357,73.21645,74.97963,73.21645,69.03248,71.53444,74.06207,79.206024,69.03248,71.53444,69.03248,69.03248,70.699,70.699,72.37287,74.97963
2025-04-07 12:00:00,81.69135,81.69135,81.19509,77.95511,73.274506,74.61814,73.274506,69.999794,72.3121,73.75687,79.56647,69.999794,72.3121,69.999794,69.999794,71.8328,71.8328,72.79196,74.61814
2025-04-08 12:00:00,88.20852,88.20852,86.922066,82.33903,76.06898,77.712296,76.06898,73.146385,75.12858,76.54036,84.61533,73.146385,75.12858,73.146385,73.146385,74.66013,74.66013,75.59746,77.712296
2025-04-09 12:00:00,86.94179,86.94179,85.53526,80.1259,72.332504,74.72183,72.332504,68.64516,70.68128,73.16318,82.81091,68.64516,70.68128,68.64516,68.64516,69.861145,69.861145,71.504395,74.72183
2025-04-10 12:00:00,84.70865,84.70865,82.226456,76.49666,69.96046,70.80183,69.96046,70.55844,70.46777,69.70172,79.33997,70.55844,70.46777,70.55844,70.55844,70.7166,70.7166,70.21508,70.80183
2025-04-11 12:00:00,79.30183,79.30183,78.22605,76.116356,75.463326,73.8974,75.463326,79.82597,78.031456,74.164604,77.16774,79.82597,78.031456,79.82597,79.82597,79.301,79.301,76.75153,73.8974
2025-04-12 12:00:00,74.931725,74.931725,75.66062,76.268166,78.87115,76.66167,78.87115,82.84619,81.45272,77.56605,75.97423,82.84619,81.45272,82.84619,82.84619,82.72925,82.72925,80.165985,76.66167
2025-04-13 12:00:00,73.861664,73.861664,73.49386,75.30896,74.47655,76.871826,74.47655,67.87446,70.61761,76.42142,74.41677,67.87446,70.61761,67.87446,67.87446,68.70351,68.70351,72.54134,76.871826
2025-04-14 12:00:00,72.55552,72.55552,73.1968,74.83743,78.02839,76.242516,78.02839,81.35443,79.748955,77.15863,74.03126,81.35443,79.748955,81.35443,81.35443,80.59964,80.59964,78.89122,76.242516
2025-04-15 12:00:00,75.918434,75.918434,76.73195,79.651375,81.19518,82.28266,81.19518,76.566185,78.724464,82.4395,78.21197,76.566185,78.724464,76.566185,76.566185,77.49783,77.49783,79.95628,82.28266
2025-04-16 12:00:00,92.283615,92.283615,91.80563,89.97608,84.621155,88.03017,84.621155,76.79087,80.55695,86.66879,90.88928,76.79087,80.55695,76.79087,76.79087,78.540146,78.540146,82.58332,88.03017
2025-04-17 12:00:00,91.61993,91.61993,91.39333,89.50987,83.74156,87.52004,83.74156,74.724625,79.214134,86.02252,90.449615,74.724625,79.214134,74.724625,74.724625,76.967354,76.967354,81.471596,87.52004
2025-04-18 12:00:00,93.61249,93.61249,92.40399,88.24963,81.02035,84.08353,81.02035,75.359726,78.15519,82.46325,90.31424,75.359726,78.15519,75.359726,75.359726,76.73264,76.73264,79.58386,84.08353
2025-04-19 12:00:00,87.82828,87.82828,86.53269,82.93736,76.67539,79.324135,76.67539,72.32157,74.19657,77.92353,84.72462,72.32157,74.19657,72.32157,72.32157,72.9656,72.9656,75.43264,79.324135
2025-04-20 12:00:00,92.43531,92.43531,90.44218,83.642685,73.36687,76.94595,73.36687,68.9139,70.66589,74.726814,87.017815,68.9139,70.66589,68.9139,68.9139,69.32461,69.32461,72.01283,76.94595
2025-04-21 12:00:00,92.71969,92.71969,91.11554,84.32149,73.59307,77.631485,73.59307,67.82906,70.28865,75.25677,87.69417,67.82906,70.28865,67.82906,67.82906,68.647675,68.647675,71.93664,77.631485
2025-04-22 12:00:00,82.00399,82.00399,79.997444,75.433464,68.907974,70.9108,68.907974,66.22219,67.611534,69.5603,77.70044,66.22219,67.611534,66.22219,66.22219,66.96723,66.96723,68.25802,70.9108
2025-04-23 12:00:00,90.52715,90.52715,90.50593,89.9321,86.806496,89.23972,86.806496,80.77357,83.680565,88.37969,90.22207,80.77357,83.680565,80.77357,80.77357,82.127625,82.127625,85.239655,89.23972
2025-04-24 12:00:00,96.64146,96.64146,96.69899,96.59861,92.741646,96.3587,92.741646,83.46539,87.89902,95.17856,96.65411,83.46539,87.89902,83.46539,83.46539,85.49314,85.49314,90.314644,96.3587
2025-04-25 12:00:00,97.08911,97.08911,96.74544,95.68534,89.627525,94.52543,89.627525,78.50693,83.395645,92.763016,96.21646,78.50693,83.395645,78.50693,78.50693,80.29912,80.29912,86.50459,94.52543
2025-04-26 12:00:00,85.79098,85.79098,85.46791,85.02981,80.79749,84.49025,80.79749,72.58989,75.97726,83.22216,85.25179,72.58989,75.97726,72.58989,72.58989,73.581635,73.581635,78.38209,84.49025
2025-04-27 12:00:00,74.07249,74.07249,73.558525,74.947784,74.801476,76.19216,74.801476,72.11896,72.46515,75.97635,74.26288,72.11896,72.46515,72.11896,72.11896,71.30377,71.30377,73.63064,76.19216
2025-04-28 12:00:00,70.747955,70.747955,71.19817,74.53788,79.12794,77.673256,79.12794,80.2779,79.94926,78.71487,72.88541,80.2779,79.94926,80.2779,80.2779,80.35778,80.35778,79.53888,77.673256
2025-04-29 12:00:00,77.34298,77.34298,77.56632,80.259705,81.72547,82.7675,81.72547,76.5314,79.44077,82.873825,78.92786,76.5314,79.44077,76.5314,76.5314,78.30473,78.30473,80.58058,82.7675
2025-04-30 12:00:00,85.639885,85.639885,85.61162,86.802,85.22223,87.851746,85.22223,77.77301,81.3047,87.19081,86.21582,77.77301,81.3047,77.77301,77.77301,79.356155,79.356155,83.2596,87.851746
2025-05-01 12:00:00,84.81044,84.81044,84.89021,84.31956,80.19719,83.67085,80.19719,72.089676,75.71908,82.44685,84.60676,72.089676,75.71908,72.089676,72.089676,73.49108,73.49108,77.953995,83.67085
2025-05-02 12:00:00,76.99676,76.99676,76.93179,77.738106,76.39171,78.43328,76.39171,71.40441,73.383316,77.90262,77.34174,71.40441,73.383316,71.40441,71.40441,71.88639,71.88639,74.884674,78.43328
2025-05-03 12:00:00,75.23725,75.23725,75.51647,78.13294,82.90864,80.58453,82.90864,86.23689,85.12193,81.7975,76.838326,86.23689,85.12193,86.23689,86.23689,86.22495,86.22495,84.01605,80.58453
2025-05-04 12:00:00,90.59776,90.59776,90.5817,91.58583,91.08083,92.463974,91.08083,86.20596,88.87848,92.1863,91.09171,86.20596,88.87848,86.20596,86.20596,87.78254,87.78254,89.977394,92.463974
2025-05-05 12:00:00,89.74651,89.74651,89.893196,90.45722,87.56479,90.91278,87.56479,78.15508,82.894455,89.90819,90.181335,78.15508,82.894455,78.15508,78.15508,80.56849,80.56849,85.22605,90.91278
2025-05-06 12:00:00,86.70876,86.70876,85.31492,82.18714,75.94301,79.073135,75.94301,69.64826,72.73584,77.55171,83.74298,69.64826,72.73584,69.64826,69.64826,71.13838,71.13838,74.33693,79.073135
2025-05-07 12:00:00,74.86278,74.86278,72.96546,70.39481,65.093895,67.8338,65.093895,60.09172,62.234955,66.52744,71.67367,60.09172,62.234955,60.09172,60.09172,60.810505,60.810505,63.662357,67.8338
2025-05-08 12:00:00,73.90789,73.90789,73.126564,71.28297,66.9329,69.4276,66.9329,62.515038,64.1694,68.3181,72.20102,62.515038,64.1694,62.515038,62.515038,62.792183,62.792183,65.549225,69.4276
2025-05-09 12:00:00,91.643555,91.643555,91.28586,88.70192,79.31787,86.1133,79.31787,65.25421,71.06198,83.45451,89.988174,65.25421,71.06198,65.25421,65.25421,66.94396,66.94396,75.18609,86.1133
2025-05-10 12:00:00,74.33159,74.33159,75.43998,79.90682,84.68306,84.17112,84.68306,82.32494,83.91275,85.06891,77.69285,82.32494,83.91275,82.32494,82.32494,83.53001,83.53001,84.29655,84.17112
2025-05-11 12:00:00,83.18898,83.18898,83.42688,81.292366,76.669174,79.148964,76.669174,70.99977,74.01467,77.99822,82.35525,70.99977,74.01467,70.99977,70.99977,72.6908,72.6908,75.34026,79.148964
2025-05-12 12:00:00,75.33282,75.33282,75.38103,77.085396,75.997894,78.673996,75.997894,68.65603,71.86273,78.06745,76.24242,68.65603,71.86273,68.65603,68.65603,69.79875,69.79875,73.928566,78.673996
2025-05-13 12:00:00,82.8941,82.8941,82.55961,81.857925,77.56346,81.107445,77.56346,69.56652,73.03506,79.82888,82.20953,69.56652,73.03506,69.56652,69.56652,70.773834,70.773834,75.29768,81.107445
2025-05-14 12:00:00,76.58863,76.58863,75.38379,75.413284,72.04124,75.379326,72.04124,64.83623,67.555786,74.28423,75.401634,64.83623,67.555786,64.83623,64.83623,65.31504,65.31504,69.79729,75.379326
2025-05-15 12:00:00,83.797775,83.797775,83.01736,79.5364,71.69513,76.09057,71.69513,63.7409,66.915436,74.08424,81.26766,63.7409,66.915436,63.7409,63.7409,64.526634,64.526634,69.30435,76.09057
2025-05-16 12:00:00,84.71262,84.71262,84.46221,83.14131,78.36716,81.79137,78.36716,70.83914,74.19254,80.45287,83.800354,70.83914,74.19254,70.83914,70.83914,72.105705,72.105705,76.27902,81.79137
2025-05-17 12:00:00,86.77333,86.77333,86.084435,82.284256,75.51299,78.527695,75.51299,69.964485,72.67512,76.93014,84.17412,69.964485,72.67512,69.964485,69.964485,71.25651,71.25651,74.093285,78.527695
2025-05-18 12:00:00,85.51579,85.51579,84.464836,80.99771,74.68805,77.56645,74.68805,70.16367,71.92597,76.06669,82.722176,70.16367,71.92597,70.16367,70.16367,70.5447,70.5447,73.30642,77.56645
2025-05-19 12:00:00,84.61795,84.61795,83.46553,78.83831,72.5901,74.28273,72.5901,71.56999,71.78324,72.99239,81.13861,71.56999,71.78324,71.56999,71.56999,71.38096,71.38096,72.18562,74.28273
2025-05-20 12:00:00,73.39789,73.39789,73.32208,73.28916,73.13867,73.20108,73.13867,72.87286,73.046425,73.18429,73.3084,72.87286,73.046425,72.87286,72.87286,73.002174,73.002174,73.091225,73.20108
2025-05-21 12:00:00,84.80953,84.80953,84.63857,83.88712,79.78413,83.09378,79.78413,72.33582,75.57539,81.88185,84.2635,72.33582,75.57539,72.33582,72.33582,73.466866,73.466866,77.680336,83.09378
2025-05-22 12:00:00,73.32121,73.32121,73.53297,74.73896,75.51158,75.85425,75.51158,73.51213,74.64993,75.9404,74.14326,73.51213,74.64993,73.51213,73.51213,74.219604,74.219604,75.079796,75.85425
2025-05-23 12:00:00,64.58379,64.58379,64.449745,66.187584,67.718094,67.82614,67.718094,66.723,67.00323,68.07356,65.32755,66.723,67.00323,66.723,66.723,66.64615,66.64615,67.35981,67.82614
2025-05-24 12:00:00,65.24953,65.24953,65.01989,66.52325,67.48734,67.93417,67.48734,65.957794,66.39414,68.03089,65.77967,65.957794,66.39414,65.957794,65.957794,65.84681,65.84681,66.940216,67.93417
2025-05-25 12:00:00,81.28062,81.28062,81.60441,79.096664,76.3021,76.604614,76.3021,75.86397,76.68382,76.11131,80.34471,75.86397,76.68382,75.86397,75.86397,76.87749,76.87749,76.49114,76.604614
2025-05-26 12:00:00,66.95204,66.95204,67.568756,69.19069,73.48922,70.71538,73.48922,78.1787,76.679924,71.90146,68.38847,78.1787,76.679924,78.1787,78.1787,78.285675,78.285675,75.080246,70.71538
2025-05-27 12:00:00,63.833378,63.833378,63.6037,63.16516,65.3843,62.69459,65.3843,71.74297,69.12578,63.52358,63.385464,71.74297,69.12578,71.74297,71.74297,71.00908,71.00908,67.250046,62.69459
2025-05-28 12:00:00,61.62154,61.62154,61.581013,62.01877,64.28569,62.39986,64.28569,68.722664,66.670265,63.099957,61.804123,68.722664,66.670265,68.722664,68.722664,67.871574,67.871574,65.47416,62.39986
2025-05-29 12:00:00,59.30682,59.30682,60.05524,63.99185,67.83768,67.76633,67.83768,66.228584,66.66546,68.418526,62.040882,66.228584,66.66546,66.228584,66.228584,66.07651,66.07651,67.25161,67.76633
2025-05-30 12:00:00,58.230343,58.230343,58.587822,60.854527,66.96053,63.01107,66.96053,74.12514,71.54029,64.686295,59.732285,74.12514,71.54029,74.12514,74.12514,73.84848,73.84848,69.24341,63.01107
2025-05-31 12:00:00,56.563213,56.563213,57.18394,60.323486,66.130775,63.326714,66.130775,70.643326,68.89397,64.758705,58.768192,70.643326,68.89397,70.643326,70.643326,70.28761,70.28761,67.50742,63.326714
2025-06-01 12:00:00,56.837402,56.837402,57.888317,62.500618,67.695724,66.92982,67.695724,67.55282,67.24588,67.9171,60.214783,67.55282,67.24588,67.55282,67.55282,67.01982,67.01982,67.470184,66.92982
2025-06-02 12:00:00,58.540558,58.540558,59.4179,64.26388,68.0342,68.917625,68.0342,64.224014,65.288895,69.392685,61.86239,64.224014,65.288895,64.224014,64.224014,63.904327,63.904327,66.66449,68.917625
2025-06-03 12:00:00,62.660164,62.660164,62.960182,67.52233,70.536736,71.898056,70.536736,65.56579,67.23853,72.16802,65.262024,65.56579,67.23853,65.56579,65.56579,65.573906,65.573906,68.8917,71.898056
2025-06-04 12:00:00,61.271984,61.271984,62.86502,72.64096,78.9985,82.06286,78.9985,66.035126,71.732185,82.59245,67.7946,66.035126,71.732185,66.035126,66.035126,68.06214,68.06214,75.37635,82.06286
2025-06-05 12:00:00,58.04025,58.04025,59.68812,68.929436,80.11606,77.83366,80.11606,78.08099,80.23812,80.05291,64.34854,78.08099,80.23812,78.08099,78.08099,80.29974,80.29974,80.17558,77.83366
2025-06-06 12:00:00,62.492435,62.492435,64.05889,70.84233,78.74661,77.36366,78.74661,76.61311,78.44502,78.89278,67.48111,76.61311,78.44502,76.61311,76.61311,78.29217,78.29217,78.595184,77.36366
2025-06-07 12:00:00,80.8994,80.8994,82.33556,85.81234,86.48585,89.12264,86.48585,76.1412,81.81443,88.79061,84.09222,76.1412,81.81443,76.1412,76.1412,79.45028,79.45028,84.15811,89.12264
2025-06-08 12:00:00,79.1402,79.1402,78.90228,78.73268,78.08238,78.519455,78.08238,76.29376,77.55414,78.33985,78.82076,76.29376,77.55414,76.29376,76.29376,77.285736,77.285736,77.818306,78.519455
2025-06-09 12:00:00,77.54022,77.54022,78.340866,79.82609,78.775375,81.21311,78.775375,70.286766,75.01067,80.62982,79.0937,70.286766,75.01067,70.286766,70.286766,73.10255,73.10255,76.90018,81.21311
2025-06-10 12:00:00,71.92083,71.92083,72.92794,76.36843,77.160355,79.64782,77.160355,68.53995,72.70113,79.35618,74.666504,68.53995,72.70113,68.53995,68.53995,70.43966,70.43966,74.939926,79.64782
2025-06-11 12:00:00,86.10088,86.10088,84.88101,79.58384,71.962234,74.41705,71.962234,68.79874,70.347755,72.75431,82.21435,68.79874,70.347755,68.79874,68.79874,69.52723,69.52723,71.158066,74.41705
2025-06-12 12:00:00,78.655334,78.655334,77.224266,73.50625,69.08001,69.87101,69.08001,68.926155,69.214516,69.009735,75.3534,68.926155,69.214516,68.926155,68.926155,69.28056,69.28056,69.14634,69.87101
2025-06-13 12:00:00,78.54619,78.54619,77.51393,76.285965,75.618645,75.05542,75.618645,76.82464,76.79493,75.034676,76.89888,76.82464,76.79493,76.82464,76.82464,77.389206,77.389206,76.203255,75.05542
2025-06-14 12:00:00,76.00752,76.00752,75.19055,72.86106,71.589066,70.570274,71.589066,75.41255,73.73849,70.52641,74.019745,75.41255,73.73849,75.41255,75.41255,74.82709,74.82709,72.65772,70.570274
2025-06-15 12:00:00,68.87832,68.87832,68.2833,66.74712,66.38206,65.22666,66.38206,70.28438,68.46396,65.35327,67.51227,70.28438,68.46396,70.28438,70.28438,69.51867,69.51867,67.417076,65.22666
2025-06-16 12:00:00,76.75578,76.75578,75.70404,71.50819,66.78954,67.420876,66.78954,67.43343,67.29837,66.53441,73.59157,67.43343,67.29837,67.43343,67.43343,67.55345,67.55345,67.04235,67.420876
2025-06-17 12:00:00,85.86802,85.86802,85.39989,83.97609,76.18942,82.55638,76.18942,61.539772,68.01268,80.20127,84.686554,61.539772,68.01268,61.539772,61.539772,63.84863,63.84863,72.12466,82.55638
2025-06-18 12:00:00,73.87758,73.87758,73.992195,73.87249,69.23528,73.716156,69.23528,58.56445,63.201458,72.19274,73.936264,58.56445,63.201458,58.56445,58.56445,60.12586,60.12586,66.23642,73.716156
2025-06-19 12:00:00,78.96383,78.96383,78.081085,74.451416,67.27936,70.91406,67.27936,60.24009,63.520416,69.11846,76.25409,60.24009,63.520416,60.24009,60.24009,61.60134,61.60134,65.411606,70.91406
2025-06-20 12:00:00,82.14938,82.14938,81.81128,82.281204,76.16446,82.688934,76.16446,59.50534,67.15619,80.576645,82.05359,59.50534,67.15619,59.50534,59.50534,62.560463,62.560463,71.68914,82.688934
2025-06-21 12:00:00,73.3556,73.3556,73.188385,75.79069,75.38998,78.254555,75.38998,66.357574,70.6845,77.68977,74.50665,66.357574,70.6845,66.357574,66.357574,68.27937,68.27937,73.053,78.254555
2025-06-22 12:00:00,77.41675,77.41675,77.47269,79.67161,80.32211,81.744576,80.32211,74.68084,77.71529,81.591354,78.58781,74.68084,77.71529,74.68084,74.68084,76.37831,76.37831,79.02805,81.744576
2025-06-23 12:00:00,77.60017,77.60017,77.24654,78.57545,77.89591,79.8117,77.89591,72.99129,74.89408,79.35781,77.92258,72.99129,74.89408,72.99129,72.99129,73.35457,73.35457,76.406044,79.8117
2025-06-24 12:00:00,78.08589,78.08589,78.009834,76.07348,72.0007,74.17164,72.0007,67.97106,69.69396,73.121826,77.037315,67.97106,69.69396,67.97106,67.97106,68.508644,68.508644,70.85628,74.17164
2025-06-25 12:00:00,63.149734,63.149734,63.070477,64.1058,64.62367,65.06689,64.62367,63.565773,63.721508,65.05744,63.597603,63.565773,63.721508,63.565773,63.565773,63.25336,63.25336,64.176735,65.06689
2025-06-26 12:00:00,75.937515,75.937515,74.123474,69.30701,62.97538,64.64382,62.97538,63.128334,62.272964,63.3111,71.696075,63.128334,62.272964,63.128334,63.128334,61.906418,61.906418,62.62777,64.64382
2025-06-27 12:00:00,79.81815,79.81815,79.7599,79.171936,74.895294,78.56568,74.895294,67.24068,70.106064,77.22675,79.46853,67.24068,70.106064,67.24068,67.24068,67.64802,67.64802,72.51998,78.56568
2025-06-28 12:00:00,73.07046,73.07046,72.13476,69.47899,66.34055,66.89322,66.34055,66.94288,66.47471,66.26606,70.79836,66.94288,66.47471,66.94288,66.94288,66.53438,66.53438,66.40847,66.89322
2025-06-29 12:00:00,64.000206,64.000206,62.90324,60.611683,58.93017,58.380928,58.93017,62.795185,60.452705,58.178333,61.750122,62.795185,60.452705,62.795185,62.795185,61.223427,61.223427,59.68683,58.380928
2025-06-30 12:00:00,61.185005,61.185005,59.606434,56.41305,56.040787,53.320248,56.040787,65.35584,60.826595,53.696384,57.99739,65.35584,60.826595,65.35584,65.35584,63.268238,63.268238,58.41605,53.320248
2025-07-01 12:00:00,85.039536,85.039536,81.977875,69.96159,58.919712,58.403316,58.919712,68.10724,63.513897,56.669106,75.912315,68.10724,63.513897,68.10724,68.10724,65.85759,65.85759,61.199787,58.403316
2025-07-02 12:00:00,89.4652,89.4652,87.574234,78.55777,67.94629,69.873795,67.94629,69.41204,68.23428,67.79517,83.024536,69.41204,68.23428,69.41204,69.41204,68.37076,68.37076,68.091064,69.873795
2025-07-03 12:00:00,74.3679,74.3679,73.95695,71.978165,68.47423,70.04311,68.47423,66.869934,67.00009,69.1818,72.962585,66.869934,67.00009,66.869934,66.869934,66.232864,66.232864,67.74545,70.04311
2025-07-04 12:00:00,72.016174,72.016174,71.17637,66.74711,62.018734,62.46813,62.018734,64.93234,62.861156,61.59778,68.94325,64.93234,62.861156,64.93234,64.93234,63.28215,63.28215,62.438408,62.46813
2025-07-05 12:00:00,65.35633,65.35633,64.16507,60.415,58.408833,56.790752,58.408833,65.09354,61.87082,56.712246,62.274586,65.09354,61.87082,65.09354,65.09354,63.635937,63.635937,60.12694,56.790752
2025-07-06 12:00:00,61.900124,61.900124,61.100376,58.459053,55.078194,55.897778,55.078194,55.35901,54.83447,55.18704,59.770042,55.35901,54.83447,55.35901,55.35901,54.698933,54.698933,54.959446,55.897778
2025-07-07 12:00:00,67.4876,67.4876,67.03982,64.22171,58.680244,61.48815,58.680244,54.043243,55.76172,60.09012,65.62054,54.043243,55.76172,54.043243,54.043243,54.252064,54.252064,57.236225,61.48815
2025-07-08 12:00:00,68.4457,68.4457,67.53649,63.420116,59.127476,59.445293,59.127476,60.676994,60.047344,58.66868,65.46083,60.676994,60.047344,60.676994,60.676994,60.507687,60.507687,59.58571,59.445293
2025-07-09 12:00:00,70.73828,70.73828,68.82105,62.032627,55.975246,55.5038,55.975246,60.740078,58.83353,54.573986,65.39438,60.740078,58.83353,60.740078,60.740078,60.28998,60.28998,57.393795,55.5038
2025-07-10 12:00:00,63.196514,63.196514,61.38759,55.892967,52.50487,50.605778,52.50487,59.906097,56.911247,50.351643,58.61434,59.906097,56.911247,59.906097,59.906097,59.164005,59.164005,54.690144,50.605778
2025-07-11 12:00:00,59.11205,59.11205,57.71717,53.095673,50.56388,48.645348,50.56388,57.630123,54.716656,48.534733,55.385017,57.630123,54.716656,57.630123,57.630123,56.83986,56.83986,52.62332,48.645348
2025-07-12 12:00:00,60.09532,60.09532,60.007736,59.241688,57.077774,58.471657,57.077774,53.41764,55.439205,57.862156,59.62544,53.41764,55.439205,53.41764,53.41764,54.583904,54.583904,56.26897,58.471657
2025-07-13 12:00:00,60.358696,60.358696,59.961655,57.899284,59.135525,55.891006,59.135525,67.72173,64.30168,56.612846,58.923782,67.72173,64.30168,67.72173,67.72173,66.94461,66.94461,61.69708,55.891006
2025-07-14 12:00:00,60.25794,60.25794,59.63208,57.214733,55.713596,54.867344,55.713596,59.451385,57.686626,54.74304,58.414627,59.451385,57.686626,59.451385,59.451385,58.688305,58.688305,56.693573,54.867344
2025-07-15 12:00:00,56.815845,56.815845,56.086613,54.36856,53.336742,52.690342,53.336742,56.35891,54.808422,52.610165,55.22254,56.35891,54.808422,56.35891,56.35891,55.552704,55.552704,54.068348,52.690342
2025-07-16 12:00:00,57.263645,57.263645,56.711548,55.55161,54.44509,54.404663,54.44509,55.593014,54.902374,54.210686,56.129837,55.593014,54.902374,55.593014,55.593014,55.124294,55.124294,54.67452,54.404663
2025-07-17 12:00:00,60.136787,60.136787,60.805897,63.87084,64.345856,66.74954,64.345856,58.12446,60.084415,66.399414,62.361694,58.12446,60.084415,58.12446,58.12446,57.874973,57.874973,62.239662,66.74954
2025-07-18 12:00:00,58.427723,58.427723,58.209637,58.893456,58.482998,59.501724,58.482998,56.69063,56.88863,59.242935,58.56079,56.69063,56.88863,56.69063,56.69063,56.052994,56.052994,57.697075,59.501724
2025-07-19 12:00:00,58.4396,58.4396,57.127594,54.28787,53.142693,51.536247,53.142693,59.311165,56.293583,51.60109,55.696228,59.311165,56.293583,59.311165,59.311165,57.902195,57.902195,54.705685,51.536247
2025-07-20 12:00:00,60.876648,60.876648,59.38181,54.99301,54.498684,50.762157,54.498684,67.59515,61.084564,51.29038,57.16698,67.59515,61.084564,67.59515,67.59515,64.46176,64.46176,57.76212,50.762157
2025-07-21 12:00:00,69.08131,69.08131,67.57366,61.49355,58.43162,55.643326,58.43162,69.65867,64.25064,55.594597,64.50392,69.65867,64.25064,69.65867,69.65867,67.23215,67.23215,61.31562,55.643326
2025-07-22 12:00:00,60.852695,60.852695,59.87086,56.84723,56.70307,53.915497,56.70307,66.64702,61.54133,54.342316,58.346718,66.64702,61.54133,66.64702,66.64702,64.0183,64.0183,59.10145,53.915497
2025-07-23 12:00:00,58.2116,58.2116,58.256306,58.722946,59.32066,59.117317,59.32066,60.59038,59.4734,59.231533,58.49786,60.59038,59.4734,60.59038,60.59038,59.53607,59.53607,59.40008,59.117317
2025-07-24 12:00:00,54.69469,54.69469,54.949497,56.412193,58.5863,57.7571,58.5863,60.173428,59.28245,58.233704,55.69473,60.173428,59.28245,60.173428,60.173428,59.62515,59.62515,58.934685,57.7571
2025-07-25 12:00:00,53.49665,53.49665,52.860893,50.643517,49.25497,48.483063,49.25497,53.089016,51.044785,48.374393,51.74406,53.089016,51.044785,53.089016,53.089016,51.953445,51.953445,50.144066,48.483063
2025-07-26 12:00:00,49.799637,49.799637,48.963264,46.01897,45.669346,43.168648,45.669346,54.54521,50.077263,43.520332,47.4783,54.54521,50.077263,54.54521,54.54521,52.335903,52.335903,47.85395,43.168648
2025-07-27 12:00:00,46.19821,46.19821,45.908962,45.441833,50.38848,44.953022,50.38848,64.61819,58.05775,46.65714,45.677055,64.61819,58.05775,64.61819,64.61819,61.995663,61.995663,54.187466,44.953022
2025-07-28 12:00:00,45.541405,45.541405,46.019264,49.214638,53.765896,52.213085,53.765896,56.249565,54.89828,53.20261,47.64046,56.249565,54.89828,56.249565,56.249565,55.466835,55.466835,54.33001,52.213085
2025-07-29 12:00:00,40.986004,40.986004,40.883213,41.96871,46.432255,42.961643,46.432255,54.807842,50.8865,44.260517,41.436436,54.807842,50.8865,54.807842,54.807842,53.16887,53.16887,48.63987,42.961643
2025-07-30 12:00:00,36.999134,36.999134,36.628407,36.555515,43.548836,36.448605,43.548836,60.644886,53.386845,38.76795,36.595142,60.644886,53.386845,60.644886,60.644886,58.44433,58.44433,48.42068,36.448605
2025-07-31 12:00:00,36.88635,36.88635,36.57996,36.592766,43.304127,36.56674,43.304127,60.825863,52.611835,38.78027,36.590076,60.825863,52.611835,60.825863,60.825863,57.39604,57.39604,47.913555,36.56674
2025-08-01 12:00:00,36.810215,36.810215,36.689503,37.066883,43.966896,37.387188,43.966896,61.04814,52.938416,39.605667,36.88411,61.04814,52.938416,61.04814,61.04814,57.54908,57.54908,48.410057,37.387188
2025-08-02 12:00:00,37.474575,37.474575,38.52198,42.824074,51.339687,46.879566,51.339687,60.967926,56.12463,49.00588,40.70245,60.967926,56.12463,60.967926,60.967926,58.57582,58.57582,53.71147,46.879566
2025-08-03 12:00:00,52.84247,52.84247,52.05291,54.713497,58.4874,57.189976,58.4874,60.673065,59.425568,58.01649,53.40426,60.673065,59.425568,60.673065,60.673065,59.892635,59.892635,58.955906,57.189976
2025-08-04 12:00:00,72.674164,72.674164,70.33001,62.12256,55.26496,54.226154,55.26496,62.354214,59.32253,53.282402,66.1849,62.354214,59.32253,62.354214,62.354214,61.397644,61.397644,57.27715,54.226154
2025-08-05 12:00:00,78.28693,78.28693,76.57616,69.7559,61.887867,63.172054,61.887867,62.92821,62.28968,61.675983,73.13362,62.92821,62.28968,62.92821,62.92821,62.47954,62.47954,62.09121,63.172054
2025-08-06 12:00:00,72.47778,72.47778,71.94592,72.20932,68.16734,72.37699,68.16734,58.400433,62.2579,71.01435,72.086624,58.400433,62.2579,58.400433,58.400433,59.195057,59.195057,65.247314,72.37699
2025-08-07 12:00:00,61.997143,61.997143,61.05749,62.01512,63.450996,62.855873,63.450996,64.33219,63.954865,63.189148,61.548286,64.33219,63.954865,64.33219,64.33219,64.19701,64.19701,63.70498,62.855873
2025-08-08 12:00:00,59.281628,59.281628,57.6776,55.528934,55.730457,53.41346,55.730457,63.05933,59.606365,53.83507,56.596703,63.05933,59.606365,63.05933,63.05933,61.587296,61.587296,57.65306,53.41346
2025-08-09 12:00:00,57.26522,57.26522,55.576065,52.968513,51.51954,50.417416,51.51954,56.655933,53.863937,50.36808,54.262886,56.655933,53.863937,56.655933,56.655933,55.057228,55.057228,52.683792,50.417416
2025-08-10 12:00:00,52.378662,52.378662,50.741875,47.193874,45.59907,43.751575,45.59907,53.655567,49.273705,43.80367,48.952545,53.655567,49.273705,53.655567,53.655567,51.15341,51.15341,47.421482,43.751575
2025-08-11 12:00:00,49.20919,49.20919,47.414543,43.189854,45.809605,39.105827,45.809605,66.13133,56.402866,40.65643,45.282665,66.13133,56.402866,66.13133,66.13133,61.843884,61.843884,51.057373,39.105827
2025-08-12 12:00:00,47.513386,47.513386,45.59808,41.477512,46.15558,37.49411,46.15558,70.771545,59.414627,39.70759,43.51878,70.771545,59.414627,70.771545,70.771545,66.2268,66.2268,52.7235,37.49411
2025-08-13 12:00:00,50.91767,50.91767,49.098366,44.096375,46.9594,39.26761,46.9594,68.917305,59.15927,41.024246,46.573734,68.917305,59.15927,68.917305,68.917305,65.42511,65.42511,53.003345,39.26761
2025-08-14 12:00:00,50.59572,50.59572,48.479584,43.357746,45.30569,38.4146,45.30569,65.433304,56.436974,39.888756,45.894398,65.433304,56.436974,65.433304,65.433304,62.152386,62.152386,50.82076,38.4146
2025-08-15 12:00:00,48.44936,48.44936,47.77678,47.577602,52.087036,47.3289,52.087036,64.38008,58.69505,48.864014,47.68122,64.38008,58.69505,64.38008,64.38008,62.081013,62.081013,55.363007,47.3289
2025-08-16 12:00:00,55.3036,55.3036,56.317326,59.60712,62.940742,62.675705,62.940742,62.83867,62.230103,63.269405,57.987137,62.83867,62.230103,62.83867,62.83867,61.84895,61.84895,62.59319,62.675705
2025-08-17 12:00:00,58.985363,58.985363,59.1374,60.995766,61.989243,62.69611,61.989243,60.27848,60.397156,62.746666,60.083603,60.27848,60.397156,60.27848,60.27848,59.563343,59.563343,61.20499,62.69611
2025-08-18 12:00:00,70.061066,70.061066,69.9478,70.905205,67.65911,71.73337,67.65911,58.44683,61.712967,70.53149,70.43957,58.44683,61.712967,58.44683,58.44683,58.640015,58.640015,64.71849,71.73337
2025-08-19 12:00:00,68.09556,68.09556,69.67247,74.12211,73.20824,78.28403,73.20824,60.26135,64.763596,77.2947,71.93005,60.26135,64.763596,60.26135,60.26135,60.40632,60.40632,69.03004,78.28403
2025-08-20 12:00:00,59.135193,59.135193,60.371624,65.355125,69.733574,70.039345,69.733574,66.637436,67.6915,70.70902,62.89804,66.637436,67.6915,66.637436,66.637436,66.62604,66.62604,68.72657,70.039345
2025-08-21 12:00:00,53.37889,53.37889,53.8051,57.378727,63.9524,60.726433,63.9524,69.13454,67.227295,62.34374,55.617844,69.13454,67.227295,69.13454,69.13454,68.89487,68.89487,65.57916,60.726433
2025-08-22 12:00:00,51.35231,51.35231,51.691826,56.22077,64.925514,60.484676,64.925514,72.13417,69.56561,62.652214,53.98725,72.13417,69.56561,72.13417,72.13417,71.93385,71.93385,67.228874,60.484676
2025-08-23 12:00:00,58.496014,58.496014,59.622017,66.0438,76.36514,72.108154,76.36514,81.59139,80.14148,74.50907,62.87515,81.59139,80.14148,81.59139,81.59139,82.06339,82.06339,78.241356,72.108154
2025-08-24 12:00:00,61.372475,61.372475,61.1348,62.72215,67.79084,64.16875,67.79084,75.14337,72.244026,65.607056,61.943966,75.14337,72.244026,75.14337,75.14337,74.51497,74.51497,70.00207,64.16875
2025-08-25 12:00:00,61.299294,61.299294,61.76935,64.80179,69.102425,67.63009,69.102425,70.577774,70.13659,68.5829,63.30905,70.577774,70.13659,70.577774,70.577774,70.652695,70.652695,69.619255,67.63009
2025-08-26 12:00:00,54.63242,54.63242,55.403286,59.661404,66.63367,63.6702,66.63367,70.87842,69.32654,65.306885,57.561775,70.87842,69.32654,70.87842,70.87842,70.69411,70.69411,67.972534,63.6702
2025-08-27 12:00:00,46.84243,46.84243,47.475254,50.030006,57.493916,52.421227,57.493916,67.77533,63.63231,54.490124,48.77177,67.77533,63.63231,67.77533,67.77533,66.76832,66.76832,60.54044,52.421227
2025-08-28 12:00:00,43.294434,43.294434,43.291004,46.18507,58.2279,48.906933,58.2279,78.03233,70.09064,52.432945,44.758495,78.03233,70.09064,78.03233,78.03233,76.159996,76.159996,64.1129,48.906933
2025-08-29 12:00:00,52.406567,52.406567,53.279552,57.493965,68.48858,61.470287,68.48858,81.92672,76.76319,64.43938,55.41537,81.92672,76.76319,81.92672,81.92672,80.99031,80.99031,72.59552,61.470287
2025-08-30 12:00:00,56.76472,56.76472,57.935192,62.643845,72.11564,67.09088,72.11564,80.538635,77.49517,69.47683,60.32118,80.538635,77.49517,80.538635,80.538635,80.23758,80.23758,74.78742,67.09088
2025-08-31 12:00:00,66.89286,66.89286,68.09068,70.184525,73.5711,72.12264,73.5711,74.42158,74.88279,72.916435,69.15616,74.42158,74.88279,74.42158,74.42158,75.54139,75.54139,74.22558,72.12264
2025-09-01 12:00:00,67.08535,67.08535,68.50659,71.64447,72.766525,74.58413,72.766525,66.04312,69.26967,74.45951,70.09962,66.04312,69.26967,66.04312,66.04312,67.46719,67.46719,71.035675,74.58413
2025-09-02 12:00:00,65.96082,65.96082,67.637695,72.56993,75.82657,77.23114,75.82657,68.98454,72.326706,77.52155,70.13725,68.98454,72.326706,68.98454,68.98454,70.52327,70.52327,74.09403,77.23114
2025-09-03 12:00:00,59.424557,59.424557,62.252106,69.0269,77.73319,75.46049,77.73319,77.8517,78.68543,77.25402,65.682014,77.8517,78.68543,77.8517,77.8517,79.16004,79.16004,78.20937,75.46049
2025-09-04 12:00:00,54.16176,54.16176,56.72937,61.965054,69.16604,66.932846,69.16604,70.72002,70.55828,68.47365,59.380806,70.72002,70.55828,70.72002,70.72002,71.25947,71.25947,69.86009,66.932846
2025-09-05 12:00:00,53.956013,53.956013,54.554855,55.697964,58.54383,56.75022,58.54383,62.379887,60.643578,57.507477,55.13804,62.379887,60.643578,62.379887,62.379887,61.708096,61.708096,59.588505,56.75022
2025-09-06 12:00:00,58.747,58.747,58.691204,57.642757,54.144115,56.594368,54.144115,50.027878,51.14223,55.603775,58.16742,50.027878,51.14223,50.027878,50.027878,49.600864,49.600864,52.656345,56.594368
2025-09-07 12:00:00,51.342182,51.342182,51.22777,50.275307,48.33296,49.326237,48.33296,47.92502,47.294792,48.833607,50.75168,47.92502,47.294792,47.92502,47.92502,46.758026,46.758026,47.819496,49.326237
2025-09-08 12:00:00,53.268867,53.268867,51.907642,47.784107,43.27434,43.796673,43.27434,45.659405,43.894062,42.964695,49.82948,45.659405,43.894062,45.659405,45.659405,44.204803,44.204803,43.583664,43.796673
2025-09-09 12:00:00,50.766945,50.766945,49.67921,46.770737,46.698784,43.950912,46.698784,57.410492,51.399273,44.390278,48.214676,57.410492,51.399273,57.410492,57.410492,53.79204,53.79204,49.034595,43.950912
2025-09-10 12:00:00,42.665104,42.665104,43.280815,46.104862,54.5342,48.7875,54.5342,68.097855,61.501133,51.113495,44.711636,68.097855,61.501133,68.097855,68.097855,65.04829,65.04829,57.996128,48.7875
2025-09-11 12:00:00,42.80507,42.80507,44.1439,48.40327,57.59734,52.464355,57.59734,68.497826,63.270466,54.80934,46.299774,68.497826,63.270466,68.497826,68.497826,66.15645,66.15645,60.41708,52.464355
2025-09-12 12:00:00,56.006893,56.006893,56.804474,61.807632,68.34571,66.57826,68.34571,70.304016,69.201614,67.918106,59.337116,70.304016,69.201614,70.304016,70.304016,69.63064,69.63064,68.77284,66.57826
2025-09-13 12:00:00,72.334755,72.334755,72.22508,73.08044,73.59354,73.86697,73.59354,72.4865,72.99932,73.877205,72.66371,72.4865,72.99932,72.4865,72.4865,72.689384,72.689384,73.30017,73.86697
2025-09-14 12:00:00,69.979935,69.979935,70.22397,71.18444,70.87403,72.07557,70.87403,67.717354,68.985825,71.79386,70.71538,67.717354,68.985825,67.717354,67.717354,68.017914,68.017914,69.93732,72.07557
2025-09-15 12:00:00,77.50349,77.50349,76.30662,73.93769,68.509155,71.633484,68.509155,62.314873,65.06939,70.19221,75.11668,62.314873,65.06939,62.314873,62.314873,63.312946,63.312946,66.800896,71.633484
2025-09-16 12:00:00,85.52624,85.52624,84.720566,81.00305,73.0644,77.40351,73.0644,64.624146,68.41293,75.34381,82.850044,64.624146,68.41293,64.624146,64.624146,66.04099,66.04099,70.753426,77.40351
2025-09-17 12:00:00,71.63058,71.63058,69.71684,67.91308,65.460976,66.15827,65.460976,65.50083,65.14936,65.6092,68.81158,65.50083,65.14936,65.50083,65.50083,64.98613,64.98613,65.30704,66.15827
2025-09-18 12:00:00,61.76394,61.76394,60.526806,59.98026,61.70974,59.437443,61.70974,68.44245,65.03128,60.07185,60.25567,68.44245,65.03128,68.44245,68.44245,66.71516,66.71516,63.362213,59.437443
2025-09-19 12:00:00,63.564365,63.564365,62.160446,60.41606,61.275215,58.724236,61.275215,69.55493,65.35693,59.26292,61.28432,69.55493,65.35693,69.55493,69.55493,67.42654,67.42654,63.305866,58.724236
2025-09-20 12:00:00,78.02664,78.02664,76.143364,73.03531,72.65949,70.03194,72.65949,79.928276,77.29205,70.374825,74.57945,79.928276,77.29205,79.928276,79.928276,79.64005,79.64005,74.9644,70.03194
2025-09-21 12:00:00,80.67382,80.67382,81.73369,85.7163,90.59737,89.52456,90.59737,90.62314,90.89188,90.448204,83.75128,90.62314,90.89188,90.62314,90.62314,91.03694,91.03694,90.74426,89.52456
2025-09-22 12:00:00,89.34014,89.34014,88.33921,86.22123,81.88044,84.16991,81.88044,77.28653,79.55102,83.02545,87.27595,77.28653,79.55102,77.28653,77.28653,78.36609,78.36609,80.72141,84.16991
2025-09-23 12:00:00,87.07272,87.07272,88.038826,89.291435,89.18543,90.48011,89.18543,84.992004,87.147545,90.187675,88.6777,84.992004,87.147545,84.992004,84.992004,86.11123,86.11123,88.17107,90.48011
2025-09-24 12:00:00,92.14145,92.14145,91.80878,89.729965,84.39925,87.71885,84.39925,77.07355,80.677315,86.23369,90.7652,77.07355,80.677315,77.07355,77.07355,78.78895,78.78895,82.54618,87.71885
2025-09-25 12:00:00,80.11452,80.11452,79.84304,81.68841,81.15061,83.45077,81.15061,73.81405,77.564384,82.919685,80.780334,73.81405,77.564384,73.81405,73.81405,75.7463,75.7463,79.36456,83.45077
2025-09-26 12:00:00,77.06098,77.06098,76.2053,75.58859,74.55482,74.986565,74.55482,73.53393,74.268745,74.69542,75.89877,73.53393,74.268745,73.53393,73.53393,74.12252,74.12252,74.41164,74.986565
2025-09-27 12:00:00,82.24215,82.24215,82.281425,80.38791,76.0248,78.5588,76.0248,71.26876,73.308846,77.36685,81.3303,71.26876,73.308846,71.26876,71.26876,71.9339,71.9339,74.67116,78.5588
2025-09-28 12:00:00,78.62712,78.62712,78.652016,78.38062,75.87016,78.11098,75.87016,70.46746,73.03987,77.26997,78.51972,70.46746,73.03987,70.46746,70.46746,71.60827,71.60827,74.45912,78.11098
2025-09-29 12:00:00,83.51223,83.51223,82.83822,81.55098,76.650085,80.30465,76.650085,68.86549,72.238945,78.83332,82.193,68.86549,72.238945,68.86549,68.86549,70.00969,70.00969,74.45095,80.30465
2025-09-30 12:00:00,84.71337,84.71337,84.58714,82.21162,76.79509,79.918976,76.79509,71.315575,73.44678,78.45386,83.392265,71.315575,73.44678,71.315575,71.315575,71.7559,71.7559,75.12496,79.918976
2025-10-01 12:00:00,90.40569,90.40569,89.31812,84.75284,78.19302,80.3547,78.19302,76.04664,76.83633,78.866684,87.01747,76.04664,76.83633,76.04664,76.04664,76.15203,76.15203,77.515015,80.3547
2025-10-02 12:00:00,90.467995,90.467995,89.63133,86.65498,79.77253,83.78256,79.77253,71.70396,75.43009,81.926796,88.133026,71.70396,75.43009,71.70396,71.70396,73.24035,73.24035,77.60573,83.78256
2025-10-03 12:00:00,85.6013,85.6013,85.04779,82.531685,76.9173,80.10074,76.9173,71.00645,73.539345,78.594826,83.78154,71.00645,73.539345,71.00645,71.00645,71.83742,71.83742,75.23087,80.10074
2025-10-04 12:00:00,74.67144,74.67144,74.85471,74.14949,72.10145,73.45845,72.10145,69.34694,70.60166,72.8482,74.502365,69.34694,70.60166,69.34694,69.34694,69.84731,69.84731,71.351326,73.45845
2025-10-05 12:00:00,69.58725,69.58725,69.45296,68.44858,65.820435,67.469215,65.820435,61.76321,64.01345,66.72018,68.949165,61.76321,64.01345,61.76321,61.76321,63.104973,63.104973,64.916985,67.469215
2025-10-06 12:00:00,71.59202,71.59202,70.558014,67.62575,62.648075,64.79193,62.648075,58.89641,60.777878,63.579838,69.08055,58.89641,60.777878,58.89641,58.89641,59.838264,59.838264,61.71288,64.79193
2025-10-07 12:00:00,69.954056,69.954056,69.65096,68.66232,65.36181,67.693214,65.36181,59.2184,62.631207,66.72212,69.15498,59.2184,62.631207,59.2184,59.2184,61.25963,61.25963,63.99688,67.693214
2025-10-08 12:00:00,68.93905,68.93905,67.829445,64.77929,59.990192,61.827953,59.990192,56.60436,58.560623,60.704132,66.292175,56.60436,58.560623,56.60436,56.60436,57.843937,57.843937,59.274414,61.827953
2025-10-09 12:00:00,70.84347,70.84347,69.608696,66.291916,58.86337,63.08092,58.86337,52.03588,54.325737,61.124573,67.936806,52.03588,54.325737,52.03588,52.03588,52.04801,52.04801,56.595882,63.08092
2025-10-10 12:00:00,75.474304,75.474304,74.8922,70.74795,61.414593,66.73683,61.414593,52.77608,55.6595,64.28363,72.802605,52.77608,55.6595,52.77608,52.77608,52.772038,52.772038,58.5386,66.73683
2025-10-11 12:00:00,76.35933,76.35933,76.25614,72.290565,64.77437,68.44638,64.77437,58.846897,61.173393,66.57205,74.25683,58.846897,61.173393,58.846897,58.846897,59.368927,59.368927,62.97332,68.44638
2025-10-12 12:00:00,76.917206,76.917206,75.49931,71.25031,64.39815,67.13011,64.39815,61.047092,62.139,65.52795,73.356804,61.047092,62.139,61.047092,61.047092,61.00869,61.00869,63.26691,67.13011
2025-10-13 12:00:00,78.958595,78.958595,77.851524,72.210075,64.77563,66.74744,64.77563,64.36851,63.96339,65.18431,75.00585,64.36851,63.96339,64.36851,64.36851,63.559116,63.559116,64.36695,66.74744
2025-10-14 12:00:00,76.76191,76.76191,75.65512,71.84154,67.28898,68.12915,67.28898,68.13408,67.411705,67.2313,73.73256,68.13408,67.411705,68.13408,68.13408,67.47623,67.47623,67.34724,68.12915
2025-10-15 12:00:00,77.430756,77.430756,76.1164,72.264336,67.15118,68.50903,67.15118,67.01675,66.58713,67.43637,74.17446,67.01675,66.58713,67.01675,67.01675,66.30784,66.30784,66.86617,68.50903
2025-10-16 12:00:00,79.96974,79.96974,78.60932,72.84029,64.66893,67.238335,64.66893,63.826984,63.078247,65.467125,75.69935,63.826984,63.078247,63.826984,63.826984,62.285374,62.285374,63.870758,67.238335
2025-10-17 12:00:00,77.72587,77.72587,75.58617,70.34536,62.86822,65.24656,62.86822,62.7022,61.358753,63.62603,72.94291,62.7022,61.358753,62.7022,62.7022,60.606884,60.606884,62.110577,65.24656
2025-10-18 12:00:00,70.41163,70.41163,68.51671,65.04341,61.477795,61.639984,61.477795,65.35877,62.36062,61.0388,66.765945,65.35877,62.36062,65.35877,65.35877,62.804634,62.804634,61.91642,61.639984
2025-10-19 12:00:00,70.25534,70.25534,68.14265,63.951344,60.109116,59.853737,60.109116,65.45651,61.7613,59.284386,66.02932,65.45651,61.7613,65.45651,65.45651,62.589195,62.589195,60.93274,59.853737
2025-10-20 12:00:00,82.90383,82.90383,81.73907,77.192215,72.79495,72.72954,72.79495,76.69091,74.29348,72.0469,79.447044,76.69091,74.29348,76.69091,76.69091,75.04467,75.04467,73.54132,72.72954
2025-10-21 12:00:00,74.55585,74.55585,73.73183,72.246666,70.85451,70.71913,70.85451,73.56298,71.48057,70.54289,72.98601,73.56298,71.48057,73.56298,73.56298,71.795906,71.795906,71.16461,70.71913
2025-10-22 12:00:00,69.3945,69.3945,68.68987,67.261696,67.74247,65.78767,67.74247,73.76875,70.756805,66.23236,67.97274,73.76875,70.756805,73.76875,73.76875,72.26234,72.26234,69.24814,65.78767
2025-10-23 12:00:00,67.87189,67.87189,67.107,64.77233,62.680466,62.42461,62.680466,64.7491,63.707996,62.165985,65.93208,64.7491,63.707996,64.7491,64.7491,64.22238,64.22238,63.19218,62.42461
2025-10-24 12:00:00,61.223583,61.223583,60.00612,53.714954,50.13056,47.585655,50.13056,60.264343,55.421677,47.474342,56.832405,60.264343,55.421677,60.264343,60.264343,58.058193,58.058193,52.77769,47.585655
2025-10-25 12:00:00,82.98404,82.98404,81.85704,78.885925,78.38555,75.88293,78.38555,86.17767,82.548676,76.294235,80.362175,86.17767,82.548676,86.17767,86.17767,84.623055,84.623055,80.467316,75.88293
2025-10-26 12:00:00,77.43165,77.43165,77.70868,78.13204,77.014786,78.372604,77.014786,72.6127,74.98821,78.03316,77.928505,72.6127,74.98821,72.6127,72.6127,73.98253,73.98253,75.99689,78.372604
2025-10-27 12:00:00,77.27056,77.27056,76.8114,75.593636,74.392426,74.25527,74.392426,74.801544,74.842995,74.16473,76.202515,74.801544,74.842995,74.801544,74.801544,75.06885,75.06885,74.61559,74.25527
2025-10-28 12:00:00,77.137794,77.137794,77.71067,77.67226,75.46484,77.44689,75.46484,70.35719,72.72276,76.843,77.697975,70.35719,72.72276,70.35719,70.35719,71.36214,71.36214,74.088486,77.44689
2025-10-29 12:00:00,82.91744,82.91744,83.80276,86.32988,86.85507,88.526764,86.85507,80.85738,83.69091,88.44535,85.087006,80.85738,83.69091,80.85738,80.85738,82.12134,82.12134,85.266815,88.526764
2025-10-30 12:00:00,81.24776,81.24776,80.31957,80.0194,77.73252,79.51087,77.73252,73.394226,75.30052,78.95424,80.175735,73.394226,75.30052,73.394226,73.394226,74.09462,74.09462,76.51149,79.51087
2025-10-31 12:00:00,84.676956,84.676956,83.03531,80.25789,75.42843,77.36264,75.42843,72.39071,73.54166,76.37518,81.64084,72.39071,73.54166,72.39071,72.39071,72.606384,72.606384,74.48085,77.36264
2025-11-01 12:00:00,89.3719,89.3719,89.839294,91.40068,89.17388,92.610725,89.17388,79.52727,83.90272,91.82618,90.637856,79.52727,83.90272,79.52727,79.52727,81.29003,81.29003,86.529076,92.610725
2025-11-02 12:00:00,86.102806,86.102806,86.866196,88.79871,87.787125,90.35556,87.787125,79.47098,83.53081,89.927635,87.85249,79.47098,83.53081,79.47098,79.47098,81.42176,81.42176,85.651215,90.35556
2025-11-03 12:00:00,81.792366,81.792366,82.37498,83.92138,83.09978,85.108696,83.09978,76.03886,79.69377,84.81133,83.16628,76.03886,79.69377,76.03886,76.03886,78.00637,78.00637,81.39046,85.108696
2025-11-04 12:00:00,83.32615,83.32615,84.30794,87.16596,87.21033,89.580086,87.21033,78.85081,82.88536,89.385315,85.76267,78.85081,82.88536,78.85081,78.85081,80.74348,80.74348,85.04001,89.580086
2025-11-05 12:00:00,82.99133,82.99133,84.09804,86.42192,86.12233,88.31037,86.12233,78.676,82.18135,88.103195,85.283554,78.676,82.18135,78.676,78.676,80.22992,80.22992,84.14476,88.31037
2025-11-06 12:00:00,82.6441,82.6441,82.78515,83.58931,81.10885,84.01794,81.10885,72.71986,76.67992,83.33681,83.20343,72.71986,76.67992,72.71986,72.71986,74.48782,74.48782,78.88645,84.01794
2025-11-07 12:00:00,87.840324,87.840324,87.55304,85.912415,81.34446,83.97573,81.34446,75.08226,78.00924,83.018845,86.73773,75.08226,78.00924,75.08226,75.08226,76.357994,76.357994,79.67116,83.97573
2025-11-08 12:00:00,87.47001,87.47001,86.77787,84.91972,83.33927,82.762024,83.33927,84.74208,84.26826,82.85452,85.853294,84.74208,84.26826,84.74208,84.74208,84.72277,84.72277,83.807106,82.762024
2025-11-09 12:00:00,88.854965,88.854965,87.94095,87.036026,85.38999,85.762344,85.38999,82.95339,84.735245,85.70514,87.49887,82.95339,84.735245,82.95339,82.95339,84.40703,84.40703,85.06319,85.762344
2025-11-10 12:00:00,83.660614,83.660614,82.45077,81.79203,80.69053,80.7611,80.69053,79.3918,80.355385,80.84339,82.13286,79.3918,80.355385,79.3918,79.3918,80.18456,80.18456,80.524574,80.7611
2025-11-11 12:00:00,80.467186,80.467186,79.04857,77.79577,73.905014,76.20002,73.905014,69.71193,70.8332,75.44507,78.43071,69.71193,70.8332,69.71193,69.71193,69.312874,69.312874,72.36466,76.20002
2025-11-12 12:00:00,82.961586,82.961586,81.41148,78.16663,71.273445,74.64839,71.273445,65.3389,67.38222,73.22894,79.7886,65.3389,67.38222,65.3389,65.3389,65.45833,65.45833,69.32158,74.64839
2025-11-13 12:00:00,84.29336,84.29336,83.222916,80.80473,77.38014,78.04514,77.38014,77.16821,76.74071,77.684,82.01881,77.16821,76.74071,77.16821,77.16821,76.41828,76.41828,77.0627,78.04514
2025-11-14 12:00:00,85.58814,85.58814,84.318146,82.61641,79.91372,80.51341,79.91372,78.40057,79.095726,80.306114,83.47703,78.40057,79.095726,78.40057,78.40057,78.68449,78.68449,79.507195,80.51341
2025-11-15 12:00:00,85.56078,85.56078,83.59836,78.71896,70.64081,73.58545,70.64081,66.34988,67.749435,72.087234,81.15286,66.34988,67.749435,66.34988,66.34988,66.318245,66.318245,69.19211,73.58545
2025-11-16 12:00:00,79.40912,79.40912,79.3265,77.76462,72.54728,75.78908,72.54728,64.79708,68.20772,74.72777,78.55662,64.79708,68.20772,64.79708,64.79708,66.06379,66.06379,70.371056,75.78908
2025-11-17 12:00:00,75.24088,75.24088,73.631454,71.11178,64.43619,68.24705,64.43619,58.40749,59.68066,66.83019,72.377235,58.40749,59.68066,58.40749,58.40749,57.33347,57.33347,62.050446,68.24705
2025-11-18 12:00:00,78.35962,78.35962,76.5865,71.867134,60.786243,66.880875,60.786243,52.24508,53.70803,64.36172,74.22283,52.24508,53.70803,52.24508,52.24508,50.220055,50.220055,57.23244,66.880875
2025-11-19 12:00:00,82.754,82.754,80.32725,75.55317,66.70665,70.47356,66.70665,62.483906,62.634945,68.7512,77.93787,62.483906,62.634945,62.483906,62.483906,60.623943,60.623943,64.665405,70.47356
2025-11-20 12:00:00,87.150604,87.150604,85.48779,80.44795,77.39843,75.06316,77.39843,84.74609,81.314026,75.37533,82.966606,84.74609,81.314026,84.74609,84.74609,83.223915,83.223915,79.37592,75.06316
2025-11-21 12:00:00,95.0884,95.0884,94.80334,93.29258,91.74021,91.1653,91.74021,91.886505,92.09493,91.52045,94.068344,91.886505,92.09493,91.886505,91.886505,92.25255,92.25255,91.929,91.1653
2025-11-22 12:00:00,92.46305,92.46305,92.56431,94.29018,95.732956,95.224525,95.732956,93.23988,94.935524,96.0958,93.46439,93.23988,94.935524,93.23988,93.23988,94.52589,94.52589,95.34341,95.224525
2025-11-23 12:00:00,91.46481,91.46481,91.6178,90.75894,89.01934,89.23211,89.01934,87.53972,88.098625,89.44619,91.21325,87.53972,88.098625,87.53972,87.53972,87.62896,87.62896,88.56768,89.23211
2025-11-24 12:00:00,89.22755,89.22755,88.563576,87.375435,85.7611,85.54121,85.7611,85.35888,85.51175,85.84585,87.99281,85.35888,85.51175,85.35888,85.35888,85.371155,85.371155,85.64755,85.54121
2025-11-25 12:00:00,94.26902,94.26902,94.29866,95.429535,96.09641,95.723175,96.09641,93.20897,95.19419,96.50663,94.90203,93.20897,95.19419,93.20897,93.20897,94.73033,94.73033,95.65657,95.723175
2025-11-26 12:00:00,94.163704,94.163704,94.27819,94.99827,94.98326,94.88238,94.98326,92.119995,93.82634,95.52191,94.67519,92.119995,93.82634,92.119995,92.119995,93.23699,93.23699,94.41585,94.88238
2025-11-27 12:00:00,90.856224,90.856224,91.08842,93.05473,94.99085,94.1243,94.99085,93.58452,94.42392,95.22684,92.11468,93.58452,94.42392,93.58452,93.58452,94.12272,94.12272,94.72124,94.1243
2025-11-28 12:00:00,93.78253,93.78253,93.29572,91.57858,88.5875,89.12555,88.5875,86.7155,87.345314,89.16952,92.46389,86.7155,87.345314,86.7155,86.7155,86.71409,86.71409,87.97764,89.12555
2025-11-29 12:00:00,90.977776,90.977776,90.631485,90.76172,90.590996,90.05955,90.590996,89.74332,90.13198,90.77064,90.73255,89.74332,90.13198,89.74332,89.74332,89.88281,89.88281,90.376564,90.05955
2025-11-30 12:00:00,90.001305,90.001305,89.83045,91.039055,92.668755,91.34411,92.668755,92.35838,92.863106,92.51189,90.47676,92.35838,92.863106,92.35838,92.35838,92.93218,92.93218,92.78452,91.34411
2025-12-01 12:00:00,93.653725,93.653725,93.49001,93.819954,91.74382,93.2408,91.74382,84.77108,88.4788,93.35072,93.69523,84.77108,88.4788,84.77108,84.77108,86.85453,86.85453,90.11818,93.2408
2025-12-02 12:00:00,89.63491,89.63491,89.87582,91.19358,90.3312,91.56322,90.3312,83.31923,87.09863,91.9209,90.579315,83.31923,87.09863,83.31923,83.31923,85.4901,85.4901,88.722275,91.56322
2025-12-03 12:00:00,92.427986,92.427986,92.40365,93.201775,91.45652,93.03686,91.45652,83.524185,87.87887,93.22004,92.846924,83.524185,87.87887,83.524185,83.524185,86.10068,86.10068,89.67472,93.03686
2025-12-04 12:00:00,97.141014,97.141014,97.04278,97.123,94.81621,96.21438,94.81621,88.63642,91.61957,96.38128,97.126755,88.63642,91.61957,88.63642,88.63642,90.02601,90.02601,93.227776,96.21438
2025-12-05 12:00:00,92.11896,92.11896,92.045906,93.164055,92.90412,93.267624,92.90412,88.31693,90.7447,93.93925,92.65266,88.31693,90.7447,88.31693,88.31693,89.65808,89.65808,91.83845,93.267624
2025-12-06 12:00:00,89.12359,89.12359,88.70007,88.45847,88.31464,87.29581,88.31464,87.20137,88.4255,88.19184,88.61986,87.20137,88.4255,87.20137,87.20137,88.44907,88.44907,88.39232,87.29581
2025-12-07 12:00:00,91.10236,91.10236,90.2007,89.02935,87.3636,86.95633,87.3636,86.528206,86.941635,87.51197,89.652885,86.528206,86.941635,86.528206,86.528206,86.704315,86.704315,87.17337,86.95633
2025-12-08 12:00:00,88.47398,88.47398,88.08343,89.00789,88.31671,88.91854,88.31671,84.02217,85.88346,89.490326,88.593445,84.02217,85.88346,84.02217,84.02217,84.662605,84.662605,87.114044,88.91854
2025-12-09 12:00:00,89.55659,89.55659,88.66485,88.070465,86.1281,86.52563,86.1281,83.321266,84.43592,86.923225,88.40948,83.321266,84.43592,83.321266,83.321266,83.57713,83.57713,85.298935,86.52563
2025-12-10 12:00:00,88.13759,88.13759,87.18446,85.54406,83.47874,83.013504,83.47874,83.41042,83.25739,83.52274,86.401344,83.41042,83.25739,83.41042,83.41042,83.11702,83.11702,83.39069,83.013504
2025-12-11 12:00:00,89.290985,89.290985,88.53633,87.82905,87.092995,86.14791,87.092995,86.34244,87.13215,86.99922,88.22579,86.34244,87.13215,86.34244,86.34244,87.11672,87.11672,87.13796,86.14791
2025-12-12 12:00:00,90.45983,90.45983,89.65604,88.08902,84.82741,85.56919,84.82741,81.17226,82.925644,85.72632,88.91312,81.17226,82.925644,81.17226,81.17226,81.96309,81.96309,83.894196,85.56919
2025-12-13 12:00:00,92.860504,92.860504,92.109985,90.18807,85.14154,87.289986,85.14154,78.731026,81.47048,86.94351,91.19021,78.731026,81.47048,78.731026,78.731026,79.64384,79.64384,83.31726,87.289986
2025-12-14 12:00:00,90.83685,90.83685,90.59532,89.37767,85.19215,87.14687,85.19215,78.4882,81.53498,86.98569,90.031,78.4882,81.53498,78.4882,78.4882,79.71463,79.71463,83.37545,87.14687
2025-12-15 12:00:00,90.28183,90.28183,89.916565,88.636246,86.94839,86.3405,86.94839,86.36045,86.62543,87.03375,89.321106,86.36045,86.62543,86.36045,86.36045,86.43024,86.43024,86.8135,86.3405
2025-12-16 12:00:00,89.202126,89.202126,88.30533,86.87677,84.59919,84.44752,84.59919,83.10833,83.74102,84.95911,87.634964,83.10833,83.74102,83.10833,83.10833,83.28513,83.28513,84.19436,84.44752
2025-12-17 12:00:00,88.19968,88.19968,87.39188,86.91971,86.12499,85.39014,86.12499,84.685265,85.69099,86.26515,87.20434,84.685265,85.69099,84.685265,84.685265,85.44062,85.44062,85.93508,85.39014
2025-12-18 12:00:00,91.90505,91.90505,91.62469,91.884445,92.08924,90.97894,92.08924,90.4974,91.79448,92.15108,91.80965,90.4974,91.79448,90.4974,90.4974,91.60863,91.60863,91.97215,90.97894
2025-12-19 12:00:00,89.20342,89.20342,89.12059,89.706314,90.41186,89.127075,90.41186,89.69887,90.25557,90.403114,89.46924,89.69887,90.25557,89.69887,89.69887,90.13734,90.13734,90.36459,89.127075
2025-12-20 12:00:00,86.26994,86.26994,86.31668,87.149704,88.29209,86.827545,88.29209,88.027534,88.31525,88.19233,86.78905,88.027534,88.31525,88.027534,88.027534,88.28484,88.28484,88.33511,86.827545
2025-12-21 12:00:00,87.36979,87.36979,87.492325,88.35831,90.47874,88.040955,90.47874,91.60579,91.71115,89.75672,87.98263,91.60579,91.71115,91.60579,91.60579,92.26852,92.26852,91.1328,88.040955
2025-12-22 12:00:00,92.11698,92.11698,91.73427,90.4094,89.18724,87.962395,89.18724,89.32398,89.50445,88.93368,91.12256,89.32398,89.50445,89.32398,89.32398,89.61573,89.61573,89.3799,87.962395
2025-12-23 12:00:00,90.04031,90.04031,89.60178,89.53373,89.47757,88.28793,89.47757,88.959045,89.33866,89.45602,89.62336,88.959045,89.33866,88.959045,88.959045,89.226944,89.226944,89.44084,88.28793
2025-12-24 12:00:00,93.04619,93.04619,92.501495,91.09498,88.91341,88.54023,88.91341,87.15714,88.10669,89.233154,91.850266,87.15714,88.10669,87.15714,87.15714,87.66933,87.66933,88.54018,88.54023
2025-12-25 12:00:00,86.318756,86.318756,85.61653,85.039116,84.76971,83.347725,84.76971,84.63106,85.152885,84.48382,85.37967,84.63106,85.152885,84.63106,84.63106,85.29692,85.29692,84.99534,83.347725
2025-12-26 12:00:00,86.36275,86.36275,85.89753,85.749626,84.433,84.45033,84.433,80.40705,82.783066,85.18723,85.877945,80.40705,82.783066,80.40705,80.40705,81.93624,81.93624,83.633644,84.45033
2025-12-27 12:00:00,91.20158,91.20158,90.03615,86.55867,79.05014,82.06016,79.05014,70.81924,74.58252,81.25173,88.34024,70.81924,74.58252,70.81924,70.81924,72.36537,72.36537,76.828125,82.06016
2025-12-28 12:00:00,93.27128,93.27128,91.87173,87.66251,80.03279,82.44222,80.03279,73.382515,76.54896,81.729034,89.808365,73.382515,76.54896,73.382515,73.382515,74.81031,74.81031,78.30755,82.44222
2025-12-29 12:00:00,90.66929,90.66929,90.392235,90.49636,88.5641,89.34951,88.5641,83.208755,85.70441,89.93081,90.50381,83.208755,85.70441,83.208755,83.208755,84.26509,84.26509,87.157265,89.34951
2025-12-30 12:00:00,91.90821,91.90821,91.262085,88.50011,85.2075,84.63626,85.2075,84.79495,85.0726,85.182304,89.928986,84.79495,85.0726,84.79495,84.79495,84.962074,84.962074,85.1737,84.63626
2025-12-31 12:00:00,86.37513,86.37513,85.47326,83.24233,80.93864,79.9525,80.93864,81.30415,81.26358,80.682144,84.40447,81.30415,81.26358,81.30415,81.30415,81.37901,81.37901,81.13526,79.9525
